{
    "version": 1,
    "author": "Anonymous maker",
    "editor": "wokwi",
    "parts": [
      { "type": "board-esp32-devkit-c-v4", "id": "esp", "top": 0, "left": 0, "attrs": {} },
      { "type": "wokwi-relay-module", "id": "relay1", "top": -28.6, "left": 211.2, "attrs": {} },
      { "type": "wokwi-led", "id": "led1", "top": 150, "left": 195.8, "attrs": { "color": "red" } },
      {
        "type": "wokwi-pushbutton",
        "id": "btn1",
        "top": 83,
        "left": 297.6,
        "attrs": { "color": "green", "xray": "1" }
      }
    ],
    "connections": [
      [ "esp:TX", "$serialMonitor:RX", "", [] ],
      [ "esp:RX", "$serialMonitor:TX", "", [] ],
      [ "esp:GND.2", "relay1:GND", "black", [ "v0" ] ],
      [ "relay1:VCC", "esp:3V3", "red", [ "h0" ] ],
      [ "relay1:IN", "esp:23", "green", [ "h-67.2", "v9.4" ] ],
      [ "led1:C", "esp:GND.2", "green", [ "v19.2", "h-86", "v-182.4" ] ],
      [ "btn1:1.l", "esp:19", "green", [ "h0" ] ],
      [ "btn1:2.l", "esp:GND.2", "green", [ "h-105.6", "v-86.2" ] ],
      [ "led1:A", "esp:18", "green", [ "v19.2", "h19.2", "v-67.2", "h-57.6", "v-38.4" ] ]
    ],
    "dependencies": {}
  }