{
    "version": 1,
    "author": "Intan tania",
    "editor": "wokwi",
    "parts": [
      {
        "type": "board-esp32-devkit-c-v4",
        "id": "esp",
        "top": 0,
        "left": 0,
        "attrs": { "builder": "esp-idf" }
      },
      { "type": "wokwi-hc-sr04", "id": "ultrasonic1", "top": -46.5, "left": 159.1, "attrs": {} }
    ],
    "connections": [
      [ "esp:TX", "$serialMonitor:RX", "", [] ],
      [ "esp:RX", "$serialMonitor:TX", "", [] ],
      [ "ultrasonic1:VCC", "esp:3V3", "red", [ "v0", "h-105.6", "v-67.2", "h-134.4" ] ],
      [ "ultrasonic1:TRIG", "esp:5", "green", [ "v0" ] ],
      [ "ultrasonic1:ECHO", "esp:18", "green", [ "v0" ] ],
      [ "ultrasonic1:GND", "esp:GND.3", "black", [ "v0" ] ]
    ],
    "dependencies": {}
  }