{
  "version": 1,
  "author": "Anonymous maker",
  "editor": "wokwi",
  "parts": [
    { "type": "board-esp32-devkit-c-v4", "id": "esp", "top": 0, "left": -4.76, "attrs": {} },
    { "type": "wokwi-dht22", "id": "dht1", "top": -114.9, "left": -120.6, "attrs": {} }
  ],
  "connections": [
    [ "esp:TX", "$serialMonitor:RX", "", [] ],
    [ "esp:RX", "$serialMonitor:TX", "", [] ],
    [ "dht1:GND", "esp:CMD", "black", [ "v0" ] ],
    [ "dht1:SDA", "esp:27", "green", [ "v0" ] ],
    [ "dht1:VCC", "esp:3V3", "red", [ "v57.6", "h67.2", "v-28.8" ] ]
  ],
  "dependencies": {}
}